3-,1-,Mono-,Average
letter,letter,isotopic,mass
code,code,mass,
Ala,A,71.037114,71.0779
Arg,R,156.101111,156.1857
Asn,N,114.042927,114.1026
Asp,D,115.026943,115.0874
Cys,C,103.009185,103.1429
Glu,E,129.042593,129.114
Gln,Q,128.058578,128.1292
Gly,G,57.021464,57.0513
His,H,137.058912,137.1393
Ile,I,113.084064,113.1576
Leu,L,113.084064,113.1576
Lys,K,128.094963,128.1723
Met,M,131.040485,131.1961
Phe,F,147.068414,147.1739
Pro,P,97.052764,97.1152
Ser,S,87.032028,87.0773
Thr,T,101.047679,101.1039
Trp,W,186.079313,186.2099
Tyr,Y,163.06332,163.1733
Val,V,99.068414,99.1311